Den;Datum;Zaèátek;ZS;Soutìž;ÈU;Domácí;Hosté;Stav
Ne;10.08.2025;11:00;KT;"PRIP PL";PX033;"HC Klatovy ";"HC Strakonice ";Pøipraveno
Ne;10.08.2025;13:45;KT;"PRIP PL";PX034;"HC Klatovy ";"HC Strakonice ";Pøipraveno
Pá;15.08.2025;13:30;TM;"PRIP PL";PX044;"HC Meteor Tøemošná ";"HC Klatovy ";Pøipraveno
Ne;17.08.2025;12:30;TM;"PRIP PL";PX037;"HC Meteor Tøemošná ";"HC Klatovy ";Pøipraveno
Ne;17.08.2025;15:15;TM;"PRIP PL";PX038;"HC Meteor Tøemošná ";"HC Klatovy ";Pøipraveno
St;27.08.2025;16:30;KT;"PRIP PL";PX039;"HC Klatovy ";"HC Baník Sokolov ";Pøipraveno
St;27.08.2025;18:30;KT;"PRIP PL";PX040;"HC Klatovy ";"HC Baník Sokolov ";Pøipraveno
So;30.08.2025;11:30;KT;"PRIP PL";PX042;"HC Klatovy ";"Tým neznámý ";Pøipraveno
So;30.08.2025;14:15;KT;"PRIP PL";PX041;"HC Klatovy ";"HC Domažlice ";Pøipraveno
So;06.09.2025;11:30;KT;"PRIP PL";PX043;"HC Klatovy ";"HC Meteor Tøemošná ";Pøipraveno
Ne;07.09.2025;16:00;DO;"PRIP PL";PX079;"HC Domažlice ";"HC Klatovy ";Pøipraveno
Ne;14.09.2025;14:15;KT;"PRIP PL";PX075;"HC Klatovy ";"HC Pøíbram ";Pøipraveno
Pá;19.09.2025;18:10;KT;RLJ;C1002;"HC Klatovy ";"HC Spartak Žebrák ";1:5
So;20.09.2025;10:15;HC;RLSD;P3003;"HC Spartak Žebrák ";"HC Klatovy ";2:3sn
Ne;21.09.2025;13:45;PB;RLSD;P3033;"HC Pøíbram C";"HC Klatovy ";5:7
Ne;21.09.2025;17:00;PB;RLJ;C1012;"HC Pøíbram ";"HC Klatovy ";6:1
Ne;21.09.2025;18:30;KT;"KLM KPK";P0241;"HC Klatovy ";"HC Mariánské Láznì ";8:4
So;27.09.2025;12:15;TM;"LMŽ B";K5007;"HC Meteor Tøemošná B";"HC Klatovy ";2:8
So;27.09.2025;17:00;RO;"KLM KPK";P0244;"HK Rokycany, o.s. ";"HC Klatovy ";8:4
So;27.09.2025;18:30;TM;RLSD;P3008;"HC Meteor Tøemošná ";"HC Klatovy ";8:1
Ne;28.09.2025;12:25;KT;RLJ;C1017;"HC Klatovy ";"HC Meteor Tøemošná ";3:5
Ne;28.09.2025;13:00;CH;"LMŽ B";K5003;"HC Stadion Cheb ";"HC Klatovy B";6:12
Pá;03.10.2025;17:30;KT;RLJ;C1028;"HC Klatovy ";"HC Rokycany z.s. ";0:5
So;04.10.2025;12:10;KT;"LMŽ B";K5012;"HC Klatovy B";"HC Èerti Ostrov ";9:5
So;04.10.2025;12:30;SO;"LMŽ B";K5008;"HC Baník Sokolov B";"HC Klatovy ";2:13
Ne;05.10.2025;09:45;RO;"LSŽ B";P7004;"HC Rokycany z.s. ";"HC Klatovy ";8:0
Ne;05.10.2025;11:30;KT;RLJ;C1034;"HC Klatovy ";"HC DDM È.Budìjovice ";4:6
Ne;05.10.2025;18:45;KT;"KLM KPK";P0248;"HC Klatovy ";"HC Baník Sokolov B";6:4
So;11.10.2025;10:25;KT;"LMŽ B";K5021;"HC Klatovy ";"HC Rokycany z.s. ";2:10
So;11.10.2025;17:30;OS;"KLM KPK";P0253;"HC Èerti Ostrov ";"HC Klatovy ";5:13
Ne;12.10.2025;10:10;KT;"LSŽ B";P7009;"HC Klatovy ";"HC Pilsen Wolves B";1:15
Ne;12.10.2025;12:25;KT;RLSD;P3038;"HC Klatovy ";"HC Pøíbram B";1:7
Ne;12.10.2025;12:30;DO;RLJ;C1042;"HC Domažlice ";"HC Klatovy ";6:4
Ne;12.10.2025;12:35;ML;"LMŽ B";K5018;"HC Mariánské Láznì ";"HC Klatovy B";5:5
Ne;12.10.2025;14:00;TC;"S2T PLK";PM2008;"HC Meteor Tøemošná B";"HC Klatovy ";0:0
Ne;12.10.2025;15:15;TC;"S2T PLK";PM2009;"HC Tachov ";"HC Klatovy ";0:0
Út;14.10.2025;18:25;KT;RLSD;P3017;"HC Klatovy ";"HC Domažlice ";0:3
Pá;17.10.2025;18:10;KT;RLJ;C1051;"HC Klatovy ";"HC Berounští Medvìdi ";5:7
So;18.10.2025;10:15;KT;"S3T PLK";PM3001;"HC Klatovy ";"HC ŠKODA PLZEÒ ";0:0
So;18.10.2025;12:00;DO;"LMŽ B";K5023;"HC Domažlice ";"HC Klatovy ";2:18
So;18.10.2025;12:45;KT;"S3T PLK";PM3003;"HC Klatovy ";"TJ Sušice ";0:0
So;18.10.2025;13:15;RO;RLSD;P3044;"HC Rokycany z.s. ";"HC Klatovy ";10:1
So;18.10.2025;16:00;MI;RLJ;C1058;"HC Milevsko 1934 ";"HC Klatovy ";8:1
So;18.10.2025;18:30;KT;"KLM KPK";P0255;"HC Klatovy ";"HC Rokycany z.s. ";4:3
Ne;19.10.2025;10:40;KT;"LMŽ B";K5025;"HC Klatovy B";"HC ŠKODA PLZEÒ B";4:7
Ne;19.10.2025;12:55;KT;RLSD;P3054;"HC Klatovy ";"SK Èernošice ";1:10
Ne;19.10.2025;15:00;PL2;"LSŽ B";P7011;"HC ŠKODA PLZEÒ B";"HC Klatovy ";23:0
So;25.10.2025;10:25;KT;"LMŽ B";K5034;"HC Klatovy ";"HC Pilsen Wolves B";7:4
So;25.10.2025;12:15;TM;"LMŽ B";K5033;"HC Meteor Tøemošná B";"HC Klatovy B";13:5
So;25.10.2025;14:40;PK;RLJ;C1067;"HC Pilsen Wolves ";"HC Klatovy ";10:2
So;25.10.2025;17:30;PK;"KLM KPK";P0262;"HC Apollo ";"HC Klatovy ";3:7
Ne;26.10.2025;10:10;KT;"LSŽ B";P7014;"HC Klatovy ";"HC Meteor Tøemošná ";3:12
Ne;26.10.2025;12:15;KT;"S2T PLK";PM2010;"HC Klatovy ";"HC Domažlice ";0:0
Ne;26.10.2025;14:45;KT;"S2T PLK";PM2012;"HC Klatovy ";"HC Pilsen Wolves ";0:0
Ne;26.10.2025;17:00;PK;"KSM PLK";P0119;"HC S.O.S. Žízeò Chotìšov o.s. ";"HC Klatovy";1:1
Út;28.10.2025;15:30;KT;"LMŽ B";K5038;"HC Klatovy B";"HC Klatovy ";4:7
Pá;31.10.2025;17:00;HC;RLJ;C1074;"HC Spartak Žebrák ";"HC Klatovy ";4:5
So;01.11.2025;10:25;KT;"LMŽ B";K5047;"HC Klatovy ";"HC Rokycany z.s. B";11:1
So;01.11.2025;12:00;RO;"LMŽ B";K5048;"HC Rokycany z.s. ";"HC Klatovy B";19:2
So;01.11.2025;12:40;KT;RLSD;P3058;"HC Klatovy ";"HC Berounští Medvìdi ";2:7
So;01.11.2025;17:30;KT;"KSM PLK";P0125;"HC Klatovy";"HC Radobyèice ";6:2
Ne;02.11.2025;09:10;KT;"LSŽ B";P7018;"HC Klatovy ";"HC Domažlice ";9:3
Ne;02.11.2025;11:25;KT;RLSD;P3066;"HC Klatovy ";"HC Spartak Žebrák ";4:1
Ne;02.11.2025;12:15;TM;"S4T PLK";PM4017;"HC Tachov ";"HC Klatovy ";0:0
Ne;02.11.2025;13:00;PK2;"S3T PLK";PM3011;"HC Baník Sokolov ";"HC Klatovy ";0:0
Ne;02.11.2025;13:15;TM;"S4T PLK";PM4018;"HC Meteor Tøemošná ";"HC Klatovy ";0:0
Ne;02.11.2025;14:10;KT;RLJ;C1082;"HC Klatovy ";"Slavoj Èeský Krumlov ";4:2
Ne;02.11.2025;14:15;PK2;"S3T PLK";PM3012;"HC Pilsen Wolves ";"HC Klatovy ";0:0
So;08.11.2025;10:25;KT;"LMŽ B";K5051;"HC Klatovy B";"HC Domažlice ";22:3
So;08.11.2025;11:00;KV2;"LMŽ B";K5053;"HC Energie Karlovy Vary B";"HC Klatovy ";2:13
So;08.11.2025;14:00;DO;"S4T PLK";PM4001;"HC Domažlice ";"HC Klatovy ";0:0
So;08.11.2025;14:15;B;RLSD;P3076;"HC Smíchov 1913 ";"HC Klatovy ";4:1
So;08.11.2025;15:00;DO;"S4T PLK";PM4002;"HC Klatovy ";"HC Pilsen Wolves ";0:0
So;08.11.2025;17:30;KT;"KLM KPK";P0270;"HC Klatovy ";"HC Rebel Mìsto Nejdek ";6:9
So;08.11.2025;18:30;TM;"KSM PLK";P0128;"HCK Meteor z.s. ";"HC Klatovy";3:4
Ne;09.11.2025;09:10;KT;"LSŽ B";P7019;"HC Klatovy ";"HC Rokycany z.s. ";4:9
Ne;09.11.2025;11:25;KT;RLSD;P3078;"HC Klatovy ";"HC Meteor Tøemošná ";0:13
Ne;09.11.2025;14:10;KT;RLJ;C1092;"HC Klatovy ";"HC Pøíbram ";1:6
Út;11.11.2025;20:15;KT;"KSM PLK";P0118;"HC Klatovy";"HC Omega Trans Plzeò o.s. ";5:2
Èt;13.11.2025;17:00;DO;"LSŽ B";P7003;"HC Domažlice ";"HC Klatovy ";6:10
So;15.11.2025;10:15;KT;"S4T PLK";PM4019;"HC Klatovy ";"HC ŠKODA PLZEÒ ";0:0
So;15.11.2025;12:30;DO;RLSD;P3087;"HC Domažlice ";"HC Klatovy ";4:3sn
So;15.11.2025;12:45;KT;"S4T PLK";PM4021;"HC Klatovy ";"HC Domažlice ";0:0
So;15.11.2025;17:30;DO;"KLM KPK";P0271;"HC Domažlice ";"HC Klatovy ";6:4
So;15.11.2025;18:00;KT;"KSM PLK";P0132;"HC Klatovy";"Jiskra Bezdružice ";7:4
Ne;16.11.2025;10:20;PK;"LSŽ B";P7024;"HC Pilsen Wolves B";"HC Klatovy ";14:1
Ne;16.11.2025;11:30;RA;RLSD;P3096;"HC Rakovník ";"HC Klatovy ";3:2
Ne;16.11.2025;12:25;KT;"LMŽ B";K5060;"HC Klatovy ";"HC Baník Sokolov ";11:5
Ne;16.11.2025;12:35;PK;"LMŽ B";K5063;"HC Pilsen Wolves B";"HC Klatovy B";8:2
So;22.11.2025;12:00;TM;"S3T PLK";PM3022;"HC Meteor Tøemošná ";"HC Klatovy ";0:0
So;22.11.2025;13:00;TM;"S3T PLK";PM3023;"HC Klatovy ";"HC Domažlice ";0:0
So;22.11.2025;13:30;DO;"S2T PLK";PM2029;"HC Meteor Tøemošná B";"HC Klatovy ";0:0
So;22.11.2025;14:30;DO;"S2T PLK";PM2030;"HC Domažlice ";"HC Klatovy ";0:0
So;22.11.2025;18:20;ML;"KLM KPK";P0277;"HC Mariánské Láznì ";"HC Klatovy ";2:12
Ne;23.11.2025;12:15;SO;"LMŽ B";K5064;"HC Baník Sokolov B";"HC Klatovy B";10:9
Ne;23.11.2025;12:25;RO;RLJ;C1116;"HC Rokycany z.s. ";"HC Klatovy ";4:1
Ne;23.11.2025;14:30;CH;"LMŽ B";K5068;"HC Stadion Cheb ";"HC Klatovy ";6:8
Ne;23.11.2025;17:45;DO;"KSM PLK";P0137;"HC Staòkov ";"HC Klatovy";2:8
Èt;27.11.2025;16:55;KT;"LSŽ B";P7026;"HC Klatovy ";"HC ŠKODA PLZEÒ B";"Kontumace H"
So;29.11.2025;13:00;TM;"LSŽ B";P7029;"HC Meteor Tøemošná ";"HC Klatovy ";14:0
Ne;30.11.2025;14:25;PB;RLSD;P3108;"HC Pøíbram B";"HC Klatovy ";2:3
Èt;04.12.2025;18:15;PL2;"KSM PLK";P0146;"HC SAXANA Group z.s. ";"HC Klatovy";4:1
So;06.12.2025;11:10;ML;"LMŽ B";K5083;"HC Mariánské Láznì ";"HC Klatovy ";4:14
So;06.12.2025;12:00;KV2;"LMŽ B";K5079;"HC Energie Karlovy Vary B";"HC Klatovy B";5:7
So;06.12.2025;13:55;SB;RLJ;C1130;"HC Tábor B";"HC Klatovy ";5:1
So;06.12.2025;19:15;SO;"KLM KPK";P0284;"HC Baník Sokolov B";"HC Klatovy ";5:7
Ne;07.12.2025;12:00;SO;"S2T PLK";PM2041;"HC Klatovy ";"HC ŠKODA PLZEÒ ";0:0
Ne;07.12.2025;13:00;SO;"S2T PLK";PM2040;"HC Baník Sokolov ";"HC Klatovy ";0:0
Po;08.12.2025;18:00;RO;"LSŽ B";P7038;"HC Rokycany z.s. ";"HC Klatovy ";6:2
Út;09.12.2025;17:00;RO;RLSD;P3121;"HC Rokycany z.s. ";"HC Klatovy ";5:2
Pá;12.12.2025;18:30;BE;RLJ;C1139;"HC Berounští Medvìdi ";"HC Klatovy ";2:9
So;13.12.2025;11:00;RO;"S3T PLK";PM3040;"HC Rokycany z.s. ";"HC Klatovy ";0:0
So;13.12.2025;12:00;BE;RLSD;P3128;"HC Berounští Medvìdi ";"HC Klatovy ";8:1
So;13.12.2025;12:00;RO;"S3T PLK";PM3041;"HC Klatovy ";"HC Meteor Tøemošná ";0:0
Ne;14.12.2025;12:00;PL;"S4T PLK";PM4039;"HC ŠKODA PLZEÒ ";"HC Klatovy ";0:0
Ne;14.12.2025;13:00;PL;"S4T PLK";PM4038;"HC Tachov ";"HC Klatovy ";0:0
St;17.12.2025;18:30;TM;"KSM PLK";P0154;"HC Omega Trans Plzeò o.s. ";"HC Klatovy";4:2
So;20.12.2025;14:00;RO;"KLM KPK";P0291;"HC Rokycany z.s. ";"HC Klatovy ";3:6
Ne;21.12.2025;14:30;HU;RLJ;C1154;"HC Humpolec, z.s. ";"HC Klatovy ";4:1
Pá;02.01.2026;10:00;G;"PRIP HM";AX001;"HC Spartak Choceò ";"HC Klatovy ";0:0
Pá;02.01.2026;13:10;G;"PRIP HM";AX004;"HC Klatovy ";"BANES Motor Èeské Budìjovice ";0:0
Pá;02.01.2026;14:20;G;"PRIP HM";AX005;"HC Rožnov p. R. Èerní Vlci ";"HC Klatovy ";0:0
So;03.01.2026;10:25;KT;"LSŽ B";P7046;"HC Klatovy ";"HC Domažlice ";12:4
So;03.01.2026;11:15;HC;RLSD;P3143;"HC Spartak Žebrák ";"HC Klatovy ";3:8
So;03.01.2026;12:40;KT;"LMŽ B";K5099;"HC Klatovy ";"HC Baník Sokolov B";5:7
So;03.01.2026;12:45;OS;"LMŽ B";K5103;"HC Èerti Ostrov ";"HC Klatovy B";3:14
So;03.01.2026;13:45;PB;RLJ;C1172;"HC Pøíbram ";"HC Klatovy ";5:0
So;03.01.2026;17:30;KT;"KLM KPK";P0280;"HC Klatovy ";"HK Rokycany, o.s. ";2:4
Ne;04.01.2026;09:15;KT;"S2T PLK";PM2052;"HC Klatovy ";"TJ Sušice ";0:0
Ne;04.01.2026;11:45;KT;"S2T PLK";PM2054;"HC Klatovy ";"HC Tachov ";0:0
Ne;04.01.2026;12:55;KT;RLJ;C1106;"HC Klatovy ";"HC Lední medvìdi Pelhøimov ";3:2
Ne;04.01.2026;14:30;TM;RLSD;P3148;"HC Meteor Tøemošná ";"HC Klatovy ";19:0
Ne;04.01.2026;17:30;KT;"KLM KPK";P0298;"HC Klatovy ";"HC Apollo ";1:4
Ne;04.01.2026;20:00;KT;"KSM PLK";P0155;"HC Klatovy";"HC S.O.S. Žízeò Chotìšov o.s. ";6:1
St;07.01.2026;18:25;KT;RLJ;C1147;"HC Klatovy ";"HC Pilsen Wolves ";4:6
Èt;08.01.2026;20:00;PL2;"KSM PLK";P0161;"HC Radobyèice ";"HC Klatovy";3:7
Pá;09.01.2026;15:30;JH;RLJ;C1178;"HC Støelci Jindøichùv Hradec ";"HC Klatovy ";"Zápas zrušen"
So;10.01.2026;10:15;MI;"LSŽ B";P7047;"HC Milevsko 1934 ";"HC Klatovy ";6:3
So;10.01.2026;12:00;KT;"LMŽ B";K5109;"HC Klatovy B";"HC Mariánské Láznì ";9:4
So;10.01.2026;14:10;KT;RLSD;P3159;"HC Klatovy ";"HC Com-Sys Øíèany ";0:13
So;10.01.2026;19:15;SX;"S4T PLK";PM4050;"HC Klatovy ";"HC Baník Sokolov ";0:0
So;10.01.2026;20:30;SX;"S4T PLK";PM4049;"HC Pilsen Wolves ";"HC Klatovy ";0:0
Ne;11.01.2026;09:10;KT;"LMŽ B";K5077;"HC Klatovy B";"HC Rokycany z.s. B";8:1
Ne;11.01.2026;11:25;KT;"LMŽ B";K5098;"HC Klatovy ";"HC Meteor Tøemošná B";11:7
Ne;11.01.2026;13:40;KT;RLSD;P3164;"HC Klatovy ";"HC Domažlice ";1:6
Ne;11.01.2026;15:30;PL2;"S3T PLK";PM3053;"HC Rokycany z.s. ";"HC Klatovy ";0:0
Ne;11.01.2026;16:45;PL2;"S3T PLK";PM3054;"HC ŠKODA PLZEÒ ";"HC Klatovy ";0:0
Ne;11.01.2026;18:40;KT;RLJ;C1185;"HC Klatovy ";"HC Meteor Tøemošná ";3:6
Po;12.01.2026;18:00;RO;"LMŽ B";K5112;"HC Rokycany z.s. ";"HC Klatovy ";9:2
Pá;16.01.2026;17:30;TM;RLJ;C1097;"HC Meteor Tøemošná ";"HC Klatovy ";7:0
So;17.01.2026;09:45;RO;"S2T PLK";PM2061;"HC Rokycany z.s. ";"HC Klatovy ";0:0
So;17.01.2026;10:25;KT;"LSŽ B";P7053;"HC Klatovy ";"HC Strakonice ";3:5
So;17.01.2026;10:45;RO;"S2T PLK";PM2062;"HC Klatovy ";"HC Baník Sokolov ";0:0
So;17.01.2026;12:40;KT;"LMŽ B";K5114;"HC Klatovy ";"HC Domažlice ";12:3
So;17.01.2026;14:45;PL;"LMŽ B";K5116;"HC ŠKODA PLZEÒ B";"HC Klatovy B";13:3
So;17.01.2026;16:30;KT;"KSM PLK";P0164;"HC Klatovy";"HCK Meteor z.s. ";4:3
So;17.01.2026;17:00;NK;"KLM KPK";P0306;"HC Rebel Mìsto Nejdek ";"HC Klatovy ";12:3
Ne;18.01.2026;12:55;KT;RLSD;P3178;"HC Klatovy ";"HC Pøíbram B";1:6
Ne;18.01.2026;15:45;KT;"KLM KPK";P0289;"HC Klatovy ";"HC Èerti Ostrov ";17:6
Ne;18.01.2026;18:25;KT;RLJ;C1196;"HC Klatovy ";"HC Rokycany z.s. ";3:9
Út;20.01.2026;20:15;KT;"KSM PLK";P0173;"HC Klatovy";"HC Staòkov ";12:5
St;21.01.2026;18:25;KT;RLJ;C1122;"HC Klatovy ";"HC Domažlice ";4:3sn
Pá;23.01.2026;17:30;DO;RLJ;C1202;"HC Domažlice ";"HC Klatovy ";2:6
Pá;23.01.2026;18:10;KT;RLSD;P3117;"HC Klatovy ";"HK LEV Slaný ";0:17
So;24.01.2026;10:25;KT;"LMŽ B";K5124;"HC Klatovy B";"HC Meteor Tøemošná B";4:5
So;24.01.2026;12:40;KT;RLSD;P3184;"HC Klatovy ";"HC Rokycany z.s. ";4:6
So;24.01.2026;17:30;KT;"KLM KPK";P0307;"HC Klatovy ";"HC Domažlice ";1:2
Ne;25.01.2026;09:00;KT;"S3T PLK";PM3060;"HC Klatovy ";"HC Rokycany z.s. ";0:0
Ne;25.01.2026;11:00;PK;"KSM PLK";P0168;"Jiskra Bezdružice ";"HC Klatovy";1:4
Ne;25.01.2026;11:15;CK;"LSŽ B";P7056;"Slavoj Èeský Krumlov B";"HC Klatovy ";3:1
Ne;25.01.2026;11:30;KT;"S3T PLK";PM3058;"HC Klatovy ";"HC Tachov ";0:0
Ne;25.01.2026;12:30;KT;"S4T PLK";PM4063;"HC Klatovy ";"HC Meteor Tøemošná ";0:0
Ne;25.01.2026;13:05;PK;"LMŽ B";K5125;"HC Pilsen Wolves B";"HC Klatovy ";3:1
Ne;25.01.2026;15:00;VP;RLSD;P3195;"Slavoj Vel.Popovice ";"HC Klatovy ";7:2
Ne;25.01.2026;15:00;KT;"S4T PLK";PM4061;"HC Klatovy ";"TJ Sušice ";0:0
Ne;25.01.2026;18:10;KT;RLJ;C1211;"HC Klatovy ";"HC Berounští Medvìdi ";7:4
St;28.01.2026;18:25;KT;RLJ;C1162;"HC Klatovy ";"HC Spartak Žebrák ";4:6
So;31.01.2026;11:00;RO;"S4T PLK";PM4070;"HC Rokycany z.s. ";"HC Klatovy ";0:0
So;31.01.2026;12:00;RO;"S4T PLK";PM4071;"HC Klatovy ";"HC Pilsen Wolves ";0:0
So;31.01.2026;13:30;SI;"S2T PLK";PM2068;"HC Meteor Tøemošná ";"HC Klatovy ";0:0
So;31.01.2026;14:30;SI;"S2T PLK";PM2069;"TJ Sušice ";"HC Klatovy ";0:0
So;31.01.2026;17:00;RO;"KLM KPK";P0311;"HK Rokycany, o.s. ";"HC Klatovy ";7:3
Ne;01.02.2026;09:10;KT;"LMŽ B";K5129;"HC Klatovy ";"HC Klatovy B";4:5
Ne;01.02.2026;11:25;KT;"LSŽ B";P7060;"HC Klatovy ";"Loko. Veselí n.Luž. ";3:5
Ne;01.02.2026;13:40;KT;RLSD;P3139;"HC Klatovy ";"HC Kobra Praha ";0:11
Ne;01.02.2026;18:25;KT;RLJ;C1218;"HC Klatovy ";"HC Strakonice ";4:5
Út;03.02.2026;20:15;KT;"KSM PLK";P0139;"HC Klatovy";"HC Spartak Žebrák ";8:3
Pá;06.02.2026;16:40;PK;RLJ;C1227;"HC Pilsen Wolves ";"HC Klatovy ";10:4
Pá;06.02.2026;18:10;KT;RLSD;P3198;"HC Klatovy ";"HC Berounští Medvìdi ";3:6
SoNe;"07.02.2026 - 08.02.2026";"09:00 - 17:00";TC;"S3T PLK";PM3071;"HC Klatovy ";"HC ŠKODA PLZEÒ ";0:0
So;07.02.2026;11:00;RO;"LMŽ B";K5138;"HC Rokycany z.s. B";"HC Klatovy ";0:11
So;07.02.2026;11:00;TC;"S3T PLK";PM3070;"HC Tachov ";"HC Klatovy ";0:0
So;07.02.2026;11:55;KT;"LMŽ B";K5139;"HC Klatovy B";"HC Rokycany z.s. ";0:8
So;07.02.2026;12:50;CP;"LSŽ B";P7065;"HC MAD BULL B";"HC Klatovy ";5:8
So;07.02.2026;17:30;KT;"KLM KPK";P0316;"HC Klatovy ";"HC Rebel Mìsto Nejdek ";7:3
Ne;08.02.2026;14:45;HC;"KSM PLK";P0175;"HC Spartak Žebrák ";"HC Klatovy";6:5
Út;10.02.2026;18:15;KT;"KSM PLK";P0182;"HC Klatovy";"HC SAXANA Group z.s. ";6:3
So;14.02.2026;10:00;DO;"LMŽ B";K5142;"HC Domažlice ";"HC Klatovy B";6:10
So;14.02.2026;12:30;SB;"LSŽ B";P7067;"Spartak Sobìslav ";"HC Klatovy ";2:4
So;14.02.2026;13:55;KT;"LMŽ B";K5144;"HC Klatovy ";"HC Energie Karlovy Vary B";8:3
So;14.02.2026;17:30;DO;"KLM KPK";P0320;"HC Domažlice ";"HC Klatovy ";6:7sn
Ne;15.02.2026;09:00;KT;"S2T PLK";PM2076;"HC Klatovy ";"HC Meteor Tøemošná B";0:0
Ne;15.02.2026;11:30;KT;"S2T PLK";PM2078;"HC Klatovy ";"HC Rokycany z.s. ";0:0
Ne;15.02.2026;12:40;KT;"LSŽ B";P7074;"HC Klatovy ";"HC Rokycany z.s. ";7:11
Ne;15.02.2026;14:00;SI;"S4T PLK";PM4077;"HC Meteor Tøemošná B";"HC Klatovy ";0:0
Ne;15.02.2026;14:55;KT;RLJ;P1001;"HC Klatovy ";"HC Strakonice ";3:10
Ne;15.02.2026;15:00;SI;"S4T PLK";PM4078;"TJ Sušice ";"HC Klatovy ";0:0
Pá;20.02.2026;18:10;KT;RLSD;P3235;"HC Klatovy ";"HC Spartak Žebrák ";13:2
So;21.02.2026;12:10;KT;"LMŽ B";K5094;"HC Klatovy B";"HC Stadion Cheb ";12:6
So;21.02.2026;14:30;SO;"LMŽ B";K5151;"HC Baník Sokolov ";"HC Klatovy ";1:9
So;21.02.2026;17:45;KT;"KLM KPK";P0323;"HC Klatovy ";"HK Rokycany, o.s. ";5:4
Ne;22.02.2026;09:10;KT;"LMŽ B";K5154;"HC Klatovy B";"HC Pilsen Wolves B";7:8
Ne;22.02.2026;11:25;KT;"LSŽ B";P7101;"HC Klatovy ";"HC MAD BULL B";6:4
Ne;22.02.2026;12:00;PL;"S3T PLK";PM3078;"HC ŠKODA PLZEÒ ";"HC Klatovy ";0:0
Ne;22.02.2026;13:00;PL;"S3T PLK";PM3077;"HC Domažlice ";"HC Klatovy ";0:0
Ne;22.02.2026;13:40;KT;RLJ;P1004;"HC Klatovy ";"HC Domažlice ";1:0
Pá;27.02.2026;18:10;KT;RLSD;P3240;"HC Klatovy ";"HC Pøíbram B";1:6
Pá;27.02.2026;20:45;PK;"KSM PLK";P0243;"HC S.O.S. Žízeò Chotìšov o.s. ";"HC Klatovy B";4:4
So;28.02.2026;10:15;KT;"S4T PLK";PM4087;"HC Klatovy ";"HC Rokycany z.s. ";0:0
So;28.02.2026;12:45;KT;"S4T PLK";PM4085;"HC Klatovy ";"HC Tachov ";0:0
So;28.02.2026;13:55;KT;"LMŽ B";K5159;"HC Klatovy ";"HC Stadion Cheb ";6:6
So;28.02.2026;17:00;NK;"KLM KPK";P0328;"HC Rebel Mìsto Nejdek ";"HC Klatovy ";9:3
Ne;01.03.2026;09:10;KT;"LMŽ B";K5086;"HC Klatovy ";"HC ŠKODA PLZEÒ B";1:7
Ne;01.03.2026;11:15;KT;"S3T PLK";PM3034;"HC Klatovy ";"TJ Sušice ";0:0
Ne;01.03.2026;12:15;TM;RLJ;P1006;"HC Meteor Tøemošná ";"HC Klatovy ";10:3
Ne;01.03.2026;12:30;DO;"LSŽ B";P7082;"HC Domažlice ";"HC Klatovy ";4:4
Ne;01.03.2026;13:45;KT;"S3T PLK";PM3036;"HC Klatovy ";"HC Tachov ";0:0
Ne;01.03.2026;14:55;KT;RLSD;P3245;"HC Klatovy ";"HC Mariánské Láznì ";1:3
Pá;06.03.2026;18:10;KT;"LMŽ B";K5090;"HC Klatovy B";"HC Baník Sokolov ";5:7
Pá;06.03.2026;18:30;BE;RLSD;P3247;"HC Berounští Medvìdi ";"HC Klatovy ";9:3
Pá;06.03.2026;18:45;ST;RLJ;P1007;"HC Strakonice ";"HC Klatovy ";5:2
So;07.03.2026;10:25;KT;"LSŽ B";P7083;"HC Klatovy ";"HC Milevsko 1934 ";4:6
So;07.03.2026;12:45;OS;"LMŽ B";K5164;"HC Èerti Ostrov ";"HC Klatovy ";1:9
So;07.03.2026;17:30;KT;"KLM KPK";P0332;"HC Klatovy ";"HC Domažlice ";9:5
Ne;08.03.2026;09:15;KT;"S3T PLK";PM3084;"HC Klatovy ";"TJ Sušice ";0:0
Ne;08.03.2026;09:45;RO;"LMŽ B";K5168;"HC Rokycany z.s. B";"HC Klatovy B";2:11
Ne;08.03.2026;11:00;ST;"LSŽ B";P7089;"HC Strakonice ";"HC Klatovy ";5:3
Ne;08.03.2026;11:45;KT;"S3T PLK";PM3082;"HC Klatovy ";"HC Meteor Tøemošná ";0:0
Ne;08.03.2026;12:55;KT;"LMŽ B";K5073;"HC Klatovy ";"HC Èerti Ostrov ";28:0
Ne;08.03.2026;16:30;HC;RLSD;P3250;"HC Spartak Žebrák ";"HC Klatovy ";4:3sn
Ne;08.03.2026;19:00;KT;"KSM PLK";P0245;"HC Klatovy B";"HC S.O.S. Žízeò Chotìšov o.s. ";1:2sn
Pá;13.03.2026;18:10;KT;RLSD;P3254;"HC Klatovy ";"HC Domažlice ";1:5
So;14.03.2026;10:15;PK;"S2T PLK";PM2082;"HC Pilsen Wolves ";"HC Klatovy ";0:0
So;14.03.2026;10:25;KT;"LMŽ B";K5174;"HC Klatovy ";"HC Mariánské Láznì ";8:7
So;14.03.2026;11:15;PK;"S2T PLK";PM2083;"HC Klatovy ";"HC Baník Sokolov ";0:0
So;14.03.2026;12:40;KT;"LSŽ B";P7092;"HC Klatovy ";"Slavoj Èeský Krumlov B";5:2
So;14.03.2026;18:15;KT;"KLM KPK";P0336;"HC Klatovy ";"HC Domažlice ";7:3
Ne;15.03.2026;10:25;KT;"LSŽ B";P7031;"HC Klatovy ";"Spartak Sobìslav ";7:3
Ne;15.03.2026;11:00;PB2;RLSD;P3255;"HC Pøíbram B";"HC Klatovy ";3:2
Ne;15.03.2026;12:40;KT;"LMŽ B";K5170;"HC Klatovy B";"HC Energie Karlovy Vary B";6:9
Ne;15.03.2026;14:55;KT;RLJ;P1012;"HC Klatovy ";"HC Meteor Tøemošná ";1:9
Pá;20.03.2026;18:10;KT;RLJ;P1013;"HC Klatovy ";"HC Strakonice ";7:6sn
Pá;20.03.2026;18:40;ML;RLSD;P3260;"HC Mariánské Láznì ";"HC Klatovy ";5:1
So;21.03.2026;10:25;KT;"LMŽ B";K5155;"HC Klatovy B";"HC Baník Sokolov B";12:8
So;21.03.2026;11:00;VL;"LSŽ B";P7096;"Loko. Veselí n.Luž. ";"HC Klatovy ";4:5
So;21.03.2026;13:30;PL;"LMŽ B";K5177;"HC ŠKODA PLZEÒ B";"HC Klatovy ";7:6
So;21.03.2026;17:30;DO;"KLM KPK";P0338;"HC Domažlice ";"HC Klatovy ";9:5
Ne;22.03.2026;13:30;SO;"LMŽ B";K5181;"HC Baník Sokolov ";"HC Klatovy B";1:7
Ne;22.03.2026;14:25;KT;RLSD;P3262;"HC Klatovy ";"HC Berounští Medvìdi ";1:3
Ne;22.03.2026;18:55;KT;RLJ;P1016;"HC Klatovy ";"HC Domažlice ";0:1sn
Pá;27.03.2026;17:30;TM;RLJ;P1018;"HC Meteor Tøemošná ";"HC Klatovy ";6:3
So;28.03.2026;17:00;DO;RLSD;P3239;"HC Domažlice ";"HC Klatovy ";5:2
So;28.03.2026;18:00;KT;"KLM KPK";P0340;"HC Klatovy ";"HC Domažlice ";4:3
Ne;29.03.2026;14:15;DO;RLJ;P1010;"HC Domažlice ";"HC Klatovy ";5:2
